{"parent":"minecraft:item/generated","textures":{"layer0":"minecraft:item/structure_void"},"overrides":[{"predicate":{},"model":"reallyworld:item/empty"},{"predicate":{"custom_model_data":10000},"model":"reallyworld:item/empty"},{"predicate":{"custom_model_data":10001},"model":"reallyworld:item/info"},{"predicate":{"custom_model_data":10002},"model":"reallyworld:item/left"},{"predicate":{"custom_model_data":10003},"model":"reallyworld:item/right"},{"predicate":{"custom_model_data":10004},"model":"reallyworld:item/home"},{"predicate":{"custom_model_data":10005},"model":"reallyworld:item/refresh"},{"predicate":{"custom_model_data":10006},"model":"reallyworld:item/sort"},{"predicate":{"custom_model_data":10007},"model":"reallyworld:item/cat"},{"predicate":{"custom_model_data":10100},"model":"reallyworld:item/allgrief"},{"predicate":{"custom_model_data":10101},"model":"reallyworld:item/pve"},{"predicate":{"custom_model_data":10102},"model":"reallyworld:item/season"},{"predicate":{"custom_model_data":10103},"model":"reallyworld:item/spawner"},{"predicate":{"custom_model_data":10104},"model":"reallyworld:item/sphere"},{"predicate":{"custom_model_data":10105},"model":"reallyworld:item/kit"},{"predicate":{"custom_model_data":10106},"model":"reallyworld:item/booster"},{"predicate":{"custom_model_data":10107},"model":"reallyworld:item/mage"},{"predicate":{"custom_model_data":10108},"model":"reallyworld:item/trident"},{"predicate":{"custom_model_data":10109},"model":"reallyworld:item/aura"},{"predicate":{"custom_model_data":10110},"model":"reallyworld:item/potion"},{"predicate":{"custom_model_data":10111},"model":"reallyworld:item/ec"}]}